[{"created_at":"Thu Aug 22 13:58:57 +0000 2013","id":370545632509198336,"id_str":"370545632509198336","text":"10 CSS selectors you shouldn\u2019t code without \u2192 http:\/\/t.co\/EB2pN85UOD","source":"\u003ca href=\"http:\/\/itunes.apple.com\/us\/app\/twitter\/id409789998?mt=12\" rel=\"nofollow\"\u003eTwitter for Mac\u003c\/a\u003e","truncated":false,"in_reply_to_status_id":null,"in_reply_to_status_id_str":null,"in_reply_to_user_id":null,"in_reply_to_user_id_str":null,"in_reply_to_screen_name":null,"user":{"id":574118142,"id_str":"574118142","name":"pixelthrone","screen_name":"pixelthrone","location":"Portugal","description":"We use imagination, strategy and action to create digital experiences that excite, inspire, challenge, motivate and engage users","url":"http:\/\/t.co\/B63Qt8kV","entities":{"url":{"urls":[{"url":"http:\/\/t.co\/B63Qt8kV","expanded_url":"http:\/\/pixelthrone.com\/","display_url":"pixelthrone.com","indices":[0,20]}]},"description":{"urls":[]}},"protected":false,"followers_count":105,"friends_count":36,"listed_count":1,"created_at":"Mon May 07 23:13:04 +0000 2012","favourites_count":0,"utc_offset":7200,"time_zone":"Amsterdam","geo_enabled":false,"verified":false,"statuses_count":104,"lang":"pt","contributors_enabled":false,"is_translator":false,"profile_background_color":"FFFFFF","profile_background_image_url":"http:\/\/a0.twimg.com\/profile_background_images\/731804693\/837222695d97017280a09378d619bac8.jpeg","profile_background_image_url_https":"https:\/\/si0.twimg.com\/profile_background_images\/731804693\/837222695d97017280a09378d619bac8.jpeg","profile_background_tile":false,"profile_image_url":"http:\/\/a0.twimg.com\/profile_images\/2821124031\/736000d3488304a5b0820357fa18eec9_normal.png","profile_image_url_https":"https:\/\/si0.twimg.com\/profile_images\/2821124031\/736000d3488304a5b0820357fa18eec9_normal.png","profile_banner_url":"https:\/\/pbs.twimg.com\/profile_banners\/574118142\/1352342272","profile_link_color":"5FBD91","profile_sidebar_border_color":"FFFFFF","profile_sidebar_fill_color":"DDEEF6","profile_text_color":"333333","profile_use_background_image":true,"default_profile":false,"default_profile_image":false,"following":null,"follow_request_sent":false,"notifications":null},"geo":null,"coordinates":null,"place":null,"contributors":null,"retweet_count":1,"favorite_count":1,"entities":{"hashtags":[],"symbols":[],"urls":[{"url":"http:\/\/t.co\/EB2pN85UOD","expanded_url":"http:\/\/bit.ly\/1drRyjV","display_url":"bit.ly\/1drRyjV","indices":[46,68]}],"user_mentions":[]},"favorited":false,"retweeted":false,"possibly_sensitive":false,"lang":"en"}]